first_name,last_name,HUID,email,house_name
Carly,Haymes,10825876,Carly.Haymes@college.harvard.edu,Kirkland House
Chrystel,Borrell,16164885,Chrystel.Borrell@college.harvard.edu,Kirkland House
Phedra,Lia,11868072,Phedra.Lia@college.harvard.edu,Kirkland House
Jordan,Gilmour,10076614,Jordan.Gilmour@college.harvard.edu,Kirkland House
Carmencita,Drisko,17368711,Carmencita.Drisko@college.harvard.edu,Kirkland House
Lanae,Nore,12433872,Lanae.Nore@college.harvard.edu,Kirkland House
Carol-Jean,Elsinore,13442638,Carol-Jean.Elsinore@college.harvard.edu,Kirkland House
Devina,Holtz,14874114,Devina.Holtz@college.harvard.edu,Kirkland House
Gertrud,Abbot,18844206,Gertrud.Abbot@college.harvard.edu,Kirkland House
Charlena,Buffum,11578825,Charlena.Buffum@college.harvard.edu,Kirkland House
Lizzie,Brunell,11196935,Lizzie.Brunell@college.harvard.edu,Kirkland House
Brietta,Primalia,16916977,Brietta.Primalia@college.harvard.edu,Kirkland House
Marcy,Sharl,11533090,Marcy.Sharl@college.harvard.edu,Kirkland House
Randa,Howlyn,10495975,Randa.Howlyn@college.harvard.edu,Kirkland House
Clarice,Kellby,15104822,Clarice.Kellby@college.harvard.edu,Kirkland House
Genevra,Harriman,17355758,Genevra.Harriman@college.harvard.edu,Kirkland House
Elvira,Thema,12627778,Elvira.Thema@college.harvard.edu,Kirkland House
Siana,Annice,13442797,Siana.Annice@college.harvard.edu,Kirkland House
Lila,Fink,12762578,Lila.Fink@college.harvard.edu,Kirkland House
Sam,Tound,13871481,Sam.Tound@college.harvard.edu,Kirkland House
Chastity,Sabella,13299610,Chastity.Sabella@college.harvard.edu,Kirkland House
Averyl,Fredi,10926797,Averyl.Fredi@college.harvard.edu,Kirkland House
Lila,Shanley,12740931,Lila.Shanley@college.harvard.edu,Kirkland House
Lorne,Boehike,11213265,Lorne.Boehike@college.harvard.edu,Kirkland House
Keelia,Chinua,16704646,Keelia.Chinua@college.harvard.edu,Kirkland House
Viki,Dahlia,14758454,Viki.Dahlia@college.harvard.edu,Kirkland House
Britte,Yate,12685480,Britte.Yate@college.harvard.edu,Kirkland House
Belva,Hylan,15664126,Belva.Hylan@college.harvard.edu,Kirkland House
Jessamyn,Konyn,11424171,Jessamyn.Konyn@college.harvard.edu,Kirkland House
Myriam,Fabiola,13646566,Myriam.Fabiola@college.harvard.edu,Kirkland House
Beverley,Wooster,12413095,Beverley.Wooster@college.harvard.edu,Kirkland House
Bobinette,Jagir,17701556,Bobinette.Jagir@college.harvard.edu,Kirkland House
Gloria,Amadas,12220298,Gloria.Amadas@college.harvard.edu,Kirkland House
Blake,Fredi,12897689,Blake.Fredi@college.harvard.edu,Kirkland House
Farrah,Persse,15121382,Farrah.Persse@college.harvard.edu,Kirkland House
Susan,Grosz,19302731,Susan.Grosz@college.harvard.edu,Kirkland House
Georgina,Norrie,16152376,Georgina.Norrie@college.harvard.edu,Kirkland House
Linet,Brian,13502166,Linet.Brian@college.harvard.edu,Kirkland House
Therine,Durante,11377390,Therine.Durante@college.harvard.edu,Kirkland House
Adriana,Joni,13722087,Adriana.Joni@college.harvard.edu,Kirkland House
Minne,Melan,18978146,Minne.Melan@college.harvard.edu,Kirkland House
Shauna,Nedrud,17787736,Shauna.Nedrud@college.harvard.edu,Kirkland House
Ann-Marie,Sherfield,12584791,Ann-Marie.Sherfield@college.harvard.edu,Kirkland House
Lorenza,Koehler,18869543,Lorenza.Koehler@college.harvard.edu,Kirkland House
Renie,Pettiford,11890478,Renie.Pettiford@college.harvard.edu,Kirkland House
Ilse,Zetta,13378562,Ilse.Zetta@college.harvard.edu,Kirkland House
Karina,Septima,10705116,Karina.Septima@college.harvard.edu,Kirkland House
Nerta,Modie,11532864,Nerta.Modie@college.harvard.edu,Kirkland House
Berget,Zamora,16516619,Berget.Zamora@college.harvard.edu,Kirkland House
Raf,Strephon,10878788,Raf.Strephon@college.harvard.edu,Kirkland House
Dulce,Toffic,12831699,Dulce.Toffic@college.harvard.edu,Kirkland House
Jenilee,Ammann,11561470,Jenilee.Ammann@college.harvard.edu,Kirkland House
Henriette,Orelee,12796359,Henriette.Orelee@college.harvard.edu,Kirkland House
Alie,Berne,11844463,Alie.Berne@college.harvard.edu,Kirkland House
Damaris,Ranjiv,16960175,Damaris.Ranjiv@college.harvard.edu,Kirkland House
Susette,Guthrie,18506702,Susette.Guthrie@college.harvard.edu,Kirkland House
Lelah,Andrel,13434221,Lelah.Andrel@college.harvard.edu,Kirkland House
Lulita,Maisey,16774006,Lulita.Maisey@college.harvard.edu,Kirkland House
Harrietta,Belanger,18810351,Harrietta.Belanger@college.harvard.edu,Kirkland House
Sindee,Holbrook,15918406,Sindee.Holbrook@college.harvard.edu,Kirkland House
Jaclyn,Brodench,14834037,Jaclyn.Brodench@college.harvard.edu,Kirkland House
Marika,Marisa,16594531,Marika.Marisa@college.harvard.edu,Kirkland House
Odessa,Oster,19803879,Odessa.Oster@college.harvard.edu,Kirkland House
Caritta,Fulmer,10041186,Caritta.Fulmer@college.harvard.edu,Kirkland House
Gertrud,Erminia,16255096,Gertrud.Erminia@college.harvard.edu,Kirkland House
Karlee,Chick,10054746,Karlee.Chick@college.harvard.edu,Kirkland House
Steffane,Munn,15506558,Steffane.Munn@college.harvard.edu,Kirkland House
Gabi,Eno,11189874,Gabi.Eno@college.harvard.edu,Kirkland House
Tiffie,Lacombe,11269300,Tiffie.Lacombe@college.harvard.edu,Kirkland House
Paulita,Alejoa,13375162,Paulita.Alejoa@college.harvard.edu,Kirkland House
Elka,Cristi,11594912,Elka.Cristi@college.harvard.edu,Kirkland House
Rivalee,Celestine,15722847,Rivalee.Celestine@college.harvard.edu,Kirkland House
Rhoda,Kronfeld,17953085,Rhoda.Kronfeld@college.harvard.edu,Kirkland House
Betta,Naashom,19879757,Betta.Naashom@college.harvard.edu,Kirkland House
Claudina,Pauly,15098675,Claudina.Pauly@college.harvard.edu,Kirkland House
Susette,Yusuk,10166544,Susette.Yusuk@college.harvard.edu,Kirkland House
Libbie,Aurelio,17477745,Libbie.Aurelio@college.harvard.edu,Kirkland House
Gusty,Ramona,17207025,Gusty.Ramona@college.harvard.edu,Kirkland House
Moyna,Suanne,12365512,Moyna.Suanne@college.harvard.edu,Kirkland House
Kathy,Lea,11961180,Kathy.Lea@college.harvard.edu,Kirkland House
Bettine,Ashok,18828673,Bettine.Ashok@college.harvard.edu,Kirkland House
Latisha,Gaal,13773440,Latisha.Gaal@college.harvard.edu,Kirkland House
Wileen,Donoghue,10603081,Wileen.Donoghue@college.harvard.edu,Kirkland House
Charlena,Merat,12169291,Charlena.Merat@college.harvard.edu,Kirkland House
Almeta,Cullin,16172880,Almeta.Cullin@college.harvard.edu,Kirkland House
Justinn,Marisa,18463184,Justinn.Marisa@college.harvard.edu,Kirkland House
Alyssa,Hoban,17262109,Alyssa.Hoban@college.harvard.edu,Kirkland House
Ulrike,Kenwood,18096180,Ulrike.Kenwood@college.harvard.edu,Kirkland House
Frances,Virgin,13053425,Frances.Virgin@college.harvard.edu,Kirkland House
Merrie,Sprage,19758014,Merrie.Sprage@college.harvard.edu,Kirkland House
Lanna,Thunell,18150730,Lanna.Thunell@college.harvard.edu,Kirkland House
Pierette,Toni,15272379,Pierette.Toni@college.harvard.edu,Kirkland House
Gavrielle,Rustice,16139691,Gavrielle.Rustice@college.harvard.edu,Kirkland House
Willetta,Rolf,14855118,Willetta.Rolf@college.harvard.edu,Kirkland House
Annora,Mauer,14008654,Annora.Mauer@college.harvard.edu,Kirkland House
Arlina,Killigrew,13493162,Arlina.Killigrew@college.harvard.edu,Kirkland House
Stevana,Lauraine,17552406,Stevana.Lauraine@college.harvard.edu,Kirkland House
Katuscha,Greyson,13538431,Katuscha.Greyson@college.harvard.edu,Kirkland House
Cacilie,Garlinda,15591055,Cacilie.Garlinda@college.harvard.edu,Kirkland House
Hyacinthe,Brian,15118067,Hyacinthe.Brian@college.harvard.edu,Kirkland House
Nonnah,Faso,16693026,Nonnah.Faso@college.harvard.edu,Kirkland House
Babita,Ursulette,10084333,Babita.Ursulette@college.harvard.edu,Kirkland House
Max,Mike,10085848,Max.Mike@college.harvard.edu,Kirkland House
Elie,Winnick,16730800,Elie.Winnick@college.harvard.edu,Kirkland House
Lexine,Cassius,14042287,Lexine.Cassius@college.harvard.edu,Kirkland House
Dorene,Breed,15189851,Dorene.Breed@college.harvard.edu,Kirkland House
Karina,Bennie,17742510,Karina.Bennie@college.harvard.edu,Kirkland House
Gretal,Berne,12116363,Gretal.Berne@college.harvard.edu,Kirkland House
Di,Breed,13105368,Di.Breed@college.harvard.edu,Kirkland House
Lorie,Brandice,16256693,Lorie.Brandice@college.harvard.edu,Kirkland House
Lucille,Nadia,12287993,Lucille.Nadia@college.harvard.edu,Kirkland House
Susan,Granoff,18586304,Susan.Granoff@college.harvard.edu,Kirkland House
Alia,Garek,16672357,Alia.Garek@college.harvard.edu,Kirkland House
Raina,Sadowski,11116451,Raina.Sadowski@college.harvard.edu,Kirkland House
Merle,Justinn,18652311,Merle.Justinn@college.harvard.edu,Kirkland House
Gale,Yorick,15923521,Gale.Yorick@college.harvard.edu,Kirkland House
Cristabel,Cristi,10754464,Cristabel.Cristi@college.harvard.edu,Kirkland House
Delilah,Wilkinson,14720800,Delilah.Wilkinson@college.harvard.edu,Kirkland House
Alleen,Dex,18465298,Alleen.Dex@college.harvard.edu,Kirkland House
Andeee,Atonsah,14082251,Andeee.Atonsah@college.harvard.edu,Kirkland House
Janenna,Nickola,16179366,Janenna.Nickola@college.harvard.edu,Kirkland House
Melisent,Dichy,19512084,Melisent.Dichy@college.harvard.edu,Kirkland House
Elmira,Even,18578754,Elmira.Even@college.harvard.edu,Kirkland House
Yetty,Hortensia,11908593,Yetty.Hortensia@college.harvard.edu,Kirkland House
Kerrin,Kylander,18893630,Kerrin.Kylander@college.harvard.edu,Kirkland House
Raina,August,18986264,Raina.August@college.harvard.edu,Kirkland House
Blinni,Dunkin,18368733,Blinni.Dunkin@college.harvard.edu,Kirkland House
Olivette,Aldric,17357122,Olivette.Aldric@college.harvard.edu,Kirkland House
Lorenza,Catie,19671469,Lorenza.Catie@college.harvard.edu,Kirkland House
Jennica,Richers,15184506,Jennica.Richers@college.harvard.edu,Kirkland House
Madalyn,Emanuel,19277610,Madalyn.Emanuel@college.harvard.edu,Kirkland House
Dari,Demitria,10003659,Dari.Demitria@college.harvard.edu,Kirkland House
Suzette,Cleavland,15899060,Suzette.Cleavland@college.harvard.edu,Kirkland House
Sophia,Ajay,19047058,Sophia.Ajay@college.harvard.edu,Kirkland House
Dulce,Burch,18908062,Dulce.Burch@college.harvard.edu,Kirkland House
Mamie,Beniamino,14915220,Mamie.Beniamino@college.harvard.edu,Kirkland House
Devina,Shirberg,14575263,Devina.Shirberg@college.harvard.edu,Kirkland House
Sara-Ann,Wittie,19478760,Sara-Ann.Wittie@college.harvard.edu,Kirkland House
Stevana,Orlene,12857917,Stevana.Orlene@college.harvard.edu,Kirkland House
Ekaterina,Maiah,16845912,Ekaterina.Maiah@college.harvard.edu,Kirkland House
Eve,Verger,17284534,Eve.Verger@college.harvard.edu,Kirkland House
Kamilah,Shama,12200289,Kamilah.Shama@college.harvard.edu,Kirkland House
Maridel,Solitta,14053804,Maridel.Solitta@college.harvard.edu,Kirkland House
Kaja,Shaver,18065087,Kaja.Shaver@college.harvard.edu,Kirkland House
Belinda,Daniele,17167468,Belinda.Daniele@college.harvard.edu,Kirkland House
Helena,Gert,13275436,Helena.Gert@college.harvard.edu,Kirkland House
Dorothy,Pandolfi,19101916,Dorothy.Pandolfi@college.harvard.edu,Kirkland House
Ellette,Skurnik,17920533,Ellette.Skurnik@college.harvard.edu,Kirkland House
Mara,Clarissa,16264437,Mara.Clarissa@college.harvard.edu,Kirkland House
Priscilla,Atcliffe,10738212,Priscilla.Atcliffe@college.harvard.edu,Kirkland House
Charlena,Curren,14208326,Charlena.Curren@college.harvard.edu,Kirkland House
Sara-Ann,Granoff,15624180,Sara-Ann.Granoff@college.harvard.edu,Kirkland House
Joane,Clarissa,14867505,Joane.Clarissa@college.harvard.edu,Kirkland House
Pollyanna,Paton,15252559,Pollyanna.Paton@college.harvard.edu,Kirkland House
Marti,Orpah,12030548,Marti.Orpah@college.harvard.edu,Kirkland House
